{
  "bot-name": "Queen Anita V4",
  "description": "A WhatsApp Bot Created By David Cyril",
  "logo": "https://telegra.ph/file/f6230a0cb5b118fa01561.jpg",
  "keywords": ["bot", "WhatsApp", "JavaScript"],
  "documentation-link": "https://pair.david-cyril.net.ng",
  "owner-verification": "davidcyriltech@gmail.com",
  
  "env": {
    "SESSION_ID": {
      "description": "Put your SESSION_ID here.",
      "value": "",
      "required": true
    },
    "PREFIX": {
      "description": "Enter your desired prefix for bot. You can set `all | . | .!*`",
      "value": ".",
      "required": true
    },
    "AUTO_REACT": {
      "description": "Set true to auto-react to messages.",
      "value": "false",
      "required": false
    },
    "WELCOME": {
      "description": "Put 'false' or 'true' to enable or disable WELCOME.",
      "value": "false",
      "required": false
    },
    "AUTO_VIEW_STATUS": {
      "description": "Auto-view saved WhatsApp statuses.",
      "value": "true",
      "required": false
    },
    "CHATBOT": {
      "description": "Set to true if you want your bot to autoreply messages.",
      "value": "false",
      "required": false
    },
    "AUTO_READ_MESSAGES": {
      "description": "Set to true if you want the bot to read all messages.",
      "value": "false",
      "required": false
    },
    "OWNER_NUMBER": {
      "description": "The phone numbers of the users who you want to be admin for the bot (should be in international format without + and multiple numbers must be separated by a comma \",\").",
      "value": "2349066528353",
      "required": true
    },
    "PUBLIC": {
      "description": "Worktype of your bot. Use public or private. If it is private, then only the bot number can use it. If public, then everyone can use it.",
      "value": "public",
      "required": true
    },
    "AUTHOR": {
      "description": "Put Sticker Pack Author_Name.",
      "value": "𝐃𝐀𝐕𝐈𝐃 𝐂𝐘𝐑𝐈𝐋",
      "required": false
    }
  }
}